City_ID,City,Country,Date,Lat,Lng,Max Temp,Humidity,Cloudiness,Wind Speed
0,Hobart,AU,2020-07-09 16:12:21,-42.88,147.33,39.2,93,0,6.93
1,Luderitz,NA,2020-07-09 16:15:43,-26.65,15.16,62.6,67,96,13.87
2,Moose Factory,CA,2020-07-09 16:15:43,51.26,-80.61,80.6,61,1,5.82
3,Harper,LR,2020-07-09 16:15:43,4.38,-7.72,78.04,81,96,11.97
4,Ushuaia,AR,2020-07-09 16:12:46,-54.8,-68.3,35.6,74,40,3.36
5,Tsiroanomandidy,MG,2020-07-09 16:15:44,-18.77,46.03,65.44,46,3,6.91
6,Rikitea,PF,2020-07-09 16:15:44,-23.12,-134.97,68.07,62,4,16.35
7,Kapaa,US,2020-07-09 16:15:44,22.08,-159.32,77.0,83,75,13.87
8,Carnarvon,AU,2020-07-09 16:15:44,-24.87,113.63,59.0,44,100,10.29
9,Yellowknife,CA,2020-07-09 16:11:38,62.46,-114.35,60.8,63,75,3.36
10,Bredasdorp,ZA,2020-07-09 16:15:45,-34.53,20.04,55.4,87,100,6.93
11,Tasiilaq,GL,2020-07-09 16:15:45,65.61,-37.64,53.6,46,40,19.46
12,Chokurdakh,RU,2020-07-09 16:15:45,70.63,147.92,45.18,79,99,10.85
13,Cherskiy,RU,2020-07-09 16:15:45,68.75,161.3,55.76,89,97,3.02
14,Bluff,NZ,2020-07-09 16:15:46,-46.6,168.33,49.66,75,96,20.38
15,Lorengau,PG,2020-07-09 16:15:46,-2.02,147.27,82.35,77,89,9.89
16,Fairbanks,US,2020-07-09 16:15:31,64.84,-147.72,53.6,100,90,3.36
17,Yar-Sale,RU,2020-07-09 16:15:47,66.83,70.83,63.27,58,29,9.8
18,Vaini,TO,2020-07-09 16:15:47,-21.2,-175.2,71.6,88,75,5.82
19,Manicore,BR,2020-07-09 16:15:47,-5.81,-61.3,92.25,43,0,4.61
20,Shimoda,JP,2020-07-09 16:15:47,34.67,138.95,70.0,93,100,7.27
21,Arraial Do Cabo,BR,2020-07-09 16:15:47,-22.97,-42.03,73.67,83,1,20.18
22,Tonantins,BR,2020-07-09 16:15:48,-2.87,-67.8,90.0,49,96,4.47
23,Norman Wells,CA,2020-07-09 16:15:48,65.28,-126.83,55.4,71,75,2.24
24,Nikolskoye,RU,2020-07-09 16:15:48,59.7,30.79,64.4,48,20,6.71
25,Albany,US,2020-07-09 16:12:25,42.6,-73.97,84.99,79,4,1.01
26,Larreynaga,NI,2020-07-09 16:15:49,12.68,-86.57,87.8,58,40,2.66
27,Sitka,US,2020-07-09 16:13:58,57.05,-135.33,53.6,93,90,4.7
28,Jamestown,US,2020-07-09 16:13:40,42.1,-79.24,82.4,61,20,3.36
29,Barcelos,PT,2020-07-09 16:15:49,41.54,-8.62,87.01,68,0,10.29
30,Caravelas,BR,2020-07-09 16:15:50,-17.71,-39.25,82.33,55,0,6.91
31,Mount Gambier,AU,2020-07-09 16:15:50,-37.83,140.77,42.8,87,100,6.93
32,Yarim,YE,2020-07-09 16:15:50,14.3,44.38,63.28,62,72,3.2
33,Castro,BR,2020-07-09 16:15:50,-24.79,-50.01,59.31,49,90,6.55
34,Saint-Philippe,RE,2020-07-09 16:15:04,-21.36,55.77,69.8,83,75,20.8
35,Avarua,CK,2020-07-09 16:15:38,-21.21,-159.78,75.2,69,76,13.87
36,Port Lincoln,AU,2020-07-09 16:15:51,-34.73,135.87,53.69,54,100,14.36
37,Cloquet,US,2020-07-09 16:15:51,46.72,-92.46,75.2,64,1,9.17
38,Mazatlan,MX,2020-07-09 16:15:51,23.22,-106.42,87.01,74,75,12.75
39,Pangnirtung,CA,2020-07-09 16:15:51,66.15,-65.71,48.2,76,75,8.05
40,Bethel,US,2020-07-09 16:13:36,41.37,-73.41,84.99,69,75,5.82
41,Gashua,NG,2020-07-09 16:15:52,12.87,11.05,100.63,24,54,3.98
42,Las Guacamayas,MX,2020-07-09 16:15:52,18.02,-102.22,85.14,61,97,1.59
43,Puerto Ayora,EC,2020-07-09 16:15:52,-0.74,-90.35,68.0,94,98,4.0
44,Atuona,PF,2020-07-09 16:15:53,-9.8,-139.03,79.34,75,14,14.16
45,La Plata,AR,2020-07-09 16:12:36,-34.92,-57.95,55.99,66,40,13.87
46,Leningradskiy,RU,2020-07-09 16:15:53,69.38,178.42,45.41,79,39,10.51
47,Jaque,PA,2020-07-09 16:15:53,7.52,-78.17,84.47,67,44,5.68
48,Punta Arenas,CL,2020-07-09 16:15:53,-53.15,-70.92,35.6,77,75,23.04
49,Touros,BR,2020-07-09 16:15:54,-5.2,-35.46,84.2,74,75,10.29
50,Hofn,IS,2020-07-09 16:15:02,64.25,-15.21,57.2,50,75,19.46
51,Saint-Georges,GD,2020-07-09 16:15:54,12.06,-61.75,82.4,83,75,5.82
52,Vydrino,RU,2020-07-09 16:15:54,51.48,104.85,58.08,77,94,5.53
53,Warren,US,2020-07-09 16:15:45,39.43,-84.17,90.0,59,1,4.07
54,Chiang Kham,TH,2020-07-09 16:15:55,19.52,100.3,82.4,88,100,3.36
55,Butaritari,KI,2020-07-09 16:15:06,3.07,172.79,83.21,76,5,17.09
56,Exeter,GB,2020-07-09 16:15:55,50.72,-3.53,68.0,72,40,14.99
57,Taoudenni,ML,2020-07-09 16:13:53,22.68,-3.98,111.16,6,24,4.68
58,Botro,CI,2020-07-09 16:11:41,7.85,-5.31,78.8,78,75,11.41
59,Dakar,SN,2020-07-09 16:12:47,14.69,-17.44,86.0,66,40,16.11
60,Jalingo,NG,2020-07-09 16:15:56,8.88,11.37,86.0,67,92,4.65
61,Alofi,NU,2020-07-09 16:14:54,-19.06,-169.92,73.4,94,77,6.93
62,Cabo San Lucas,MX,2020-07-09 16:14:04,22.89,-109.91,87.01,69,20,11.41
63,Tigil,RU,2020-07-09 16:15:57,57.8,158.67,55.76,98,100,2.64
64,Ribeira Grande,PT,2020-07-09 16:14:25,38.52,-28.7,73.4,60,40,5.82
65,Bengkulu,ID,2020-07-09 16:15:57,-3.8,102.27,76.57,88,100,8.81
66,Pevek,RU,2020-07-09 16:15:58,69.7,170.31,49.87,67,89,3.91
67,Tashtyp,RU,2020-07-09 16:15:58,52.79,89.9,59.56,81,100,5.86
68,Litovko,RU,2020-07-09 16:12:05,49.24,135.17,55.54,93,100,0.85
69,Bolshaya Glushitsa,RU,2020-07-09 16:15:58,50.24,43.59,78.01,61,71,10.0
70,Nabire,ID,2020-07-09 16:12:00,-3.37,135.48,76.42,86,19,3.29
71,Hilo,US,2020-07-09 16:15:59,19.73,-155.09,71.6,78,90,4.7
72,Mataura,NZ,2020-07-09 16:15:59,-46.19,168.86,42.87,92,94,5.61
73,Upernavik,GL,2020-07-09 16:15:59,72.79,-56.15,43.99,63,38,9.44
74,Maningrida,AU,2020-07-09 16:15:59,-12.07,134.27,70.11,89,19,10.02
75,Urumqi,CN,2020-07-09 16:16:00,43.8,87.6,80.6,36,98,4.47
76,Kodiak,US,2020-07-09 16:16:00,57.79,-152.41,57.2,67,90,10.29
77,Teya,RU,2020-07-09 16:16:00,60.38,92.63,49.68,86,48,4.41
78,East London,ZA,2020-07-09 16:16:01,-33.02,27.91,78.71,32,100,13.29
79,Roebourne,AU,2020-07-09 16:16:01,-20.78,117.13,68.38,26,0,7.87
80,Broken Hill,AU,2020-07-09 16:16:01,-31.95,141.43,50.0,61,40,9.17
81,Qaanaaq,GL,2020-07-09 16:16:01,77.48,-69.36,47.82,51,2,7.87
82,Lagoa,PT,2020-07-09 16:16:02,39.05,-27.98,68.7,73,23,3.94
83,Viedma,AR,2020-07-09 16:16:02,-40.81,-63.0,51.51,45,100,21.97
84,Huntington,US,2020-07-09 16:16:02,38.42,-82.45,93.99,66,1,1.5
85,Sinnamary,GF,2020-07-09 16:15:01,5.38,-52.95,82.26,78,48,3.91
86,The Valley,AI,2020-07-09 16:12:43,18.22,-63.06,89.6,62,20,17.22
87,Limbang,MY,2020-07-09 16:16:03,4.75,115.0,78.8,94,75,1.12
88,San Patricio,MX,2020-07-09 16:16:03,19.22,-104.7,87.8,74,40,11.41
89,Kenora,CA,2020-07-09 16:16:03,49.82,-94.43,75.0,64,75,13.87
90,Petropavlovsk-Kamchatskiy,RU,2020-07-09 16:16:03,53.05,158.65,55.4,100,90,0.74
91,Podgorenskiy,RU,2020-07-09 16:16:04,50.41,39.64,68.85,72,34,9.01
92,Dhidhdhoo,MV,2020-07-09 16:16:04,6.88,73.1,83.48,79,99,11.32
93,Rawson,AR,2020-07-09 16:15:43,-43.3,-65.1,46.85,66,100,29.75
94,Busselton,AU,2020-07-09 16:13:35,-33.65,115.33,45.0,86,3,8.59
95,Zhangjiakou,CN,2020-07-09 16:16:05,40.81,114.88,61.61,82,65,7.74
96,Havoysund,NO,2020-07-09 16:16:05,71.0,24.66,53.6,81,75,16.11
97,Berdigestyakh,RU,2020-07-09 16:16:05,62.1,126.7,66.38,53,100,10.51
98,Tezu,IN,2020-07-09 16:16:05,27.92,96.17,75.56,87,100,3.87
99,Beringovskiy,RU,2020-07-09 16:16:06,63.05,179.32,53.58,75,97,2.93
100,San Luis,AR,2020-07-09 16:16:06,-33.3,-66.34,54.81,41,3,18.32
101,Bandarbeyla,SO,2020-07-09 16:16:06,9.49,50.81,80.01,71,100,33.89
102,Tunceli,TR,2020-07-09 16:16:06,39.11,39.55,93.2,16,20,8.05
103,Lebu,CL,2020-07-09 16:16:07,-37.62,-73.65,53.15,94,100,22.48
104,Pavino,RU,2020-07-09 16:16:07,59.11,46.14,67.12,96,26,8.52
105,Constanta,RO,2020-07-09 16:16:07,44.18,28.65,77.0,47,8,12.75
106,Okhotsk,RU,2020-07-09 16:16:07,59.38,143.3,51.87,94,100,8.25
107,Uyemskiy,RU,2020-07-09 16:16:08,64.47,40.85,66.2,93,90,8.95
108,Comodoro Rivadavia,AR,2020-07-09 16:14:22,-45.87,-67.5,42.8,75,100,6.93
109,Chabahar,IR,2020-07-09 16:16:08,25.29,60.64,88.29,79,98,15.9
110,Codrington,AU,2020-07-09 16:16:08,-38.27,141.97,43.77,80,100,8.55
111,Reconquista,AR,2020-07-09 16:12:10,-29.15,-59.65,56.91,57,0,4.94
112,Yakeshi,CN,2020-07-09 16:16:09,49.28,120.73,59.97,59,0,4.38
113,Dongying,CN,2020-07-09 16:16:09,37.46,118.49,76.96,67,61,4.99
114,Porto Velho,BR,2020-07-09 16:16:09,-8.76,-63.9,87.8,58,20,4.7
115,Los Llanos De Aridane,ES,2020-07-09 16:16:09,28.66,-17.92,77.0,69,20,16.11
116,Mehran,IR,2020-07-09 16:16:10,33.12,46.16,91.4,15,0,4.7
117,Ambilobe,MG,2020-07-09 16:16:10,-13.2,49.05,74.28,60,0,13.53
118,Darnah,LY,2020-07-09 16:16:10,32.77,22.64,78.04,71,0,20.18
119,Fortuna,US,2020-07-09 16:16:10,40.6,-124.16,55.99,100,90,5.82
120,Tall Kayf,TR,2020-07-09 16:16:10,37.08,41.07,105.8,11,20,18.34
121,Takoradi,GH,2020-07-09 16:16:11,4.88,-1.76,79.16,79,86,12.44
122,Mukono,UG,2020-07-09 16:16:11,0.35,32.76,77.0,69,20,10.29
123,Port Alfred,ZA,2020-07-09 16:16:11,-33.59,26.89,73.0,50,89,5.99
124,Dingle,PH,2020-07-09 16:16:11,11.0,122.67,78.03,86,53,2.15
125,Tuktoyaktuk,CA,2020-07-09 16:16:11,69.45,-133.04,35.6,93,90,9.17
126,Sao Filipe,CV,2020-07-09 16:16:12,14.9,-24.5,77.32,82,2,18.97
127,Lavrentiya,RU,2020-07-09 16:16:12,65.58,-171.0,45.72,86,1,1.28
128,Horn,DE,2020-07-09 16:16:12,51.87,8.95,68.0,82,90,8.05
129,Barrow,US,2020-07-09 16:13:41,71.29,-156.79,35.6,93,90,10.29
130,Ordynskoye,RU,2020-07-09 16:16:13,54.37,81.9,67.57,92,96,4.9
131,Port Blair,IN,2020-07-09 16:16:13,11.67,92.75,81.95,81,100,11.16
132,Chuy,UY,2020-07-09 16:16:13,-33.7,-53.46,50.58,71,60,13.87
133,Labuhan,ID,2020-07-09 16:16:13,-6.88,112.21,76.39,81,81,8.19
134,Hermanus,ZA,2020-07-09 16:16:13,-34.42,19.23,52.0,95,100,8.01
135,Ust-Ilimsk,RU,2020-07-09 16:16:14,58.0,102.66,59.94,60,100,3.15
136,Reforma,MX,2020-07-09 16:16:14,18.1,-91.02,85.21,68,2,8.23
137,Isangel,VU,2020-07-09 16:15:35,-19.55,169.27,69.8,94,90,17.36
138,Alyangula,AU,2020-07-09 16:16:14,-13.85,136.42,71.6,94,12,11.34
139,Bharatpur,IN,2020-07-09 16:16:14,27.22,77.48,91.6,56,99,11.32
140,Araouane,ML,2020-07-09 16:16:15,18.9,-3.53,105.26,18,48,17.13
141,Agadez,NE,2020-07-09 16:16:15,19.75,10.25,104.74,12,48,1.12
142,Namie,JP,2020-07-09 16:16:15,37.48,141.0,71.01,75,100,4.03
143,Samarai,PG,2020-07-09 16:15:48,-10.62,150.67,78.39,87,95,20.49
144,Hithadhoo,MV,2020-07-09 16:14:10,-0.6,73.08,85.17,68,100,4.14
145,Lang Son,VN,2020-07-09 16:16:16,21.83,106.73,80.69,78,100,7.49
146,Mahebourg,MU,2020-07-09 16:13:54,-20.41,57.7,71.6,60,20,16.11
147,Gat,IL,2020-07-09 16:16:16,31.61,34.76,84.0,62,0,3.0
148,Mar Del Plata,AR,2020-07-09 16:12:22,-38.0,-57.56,48.99,61,1,8.05
149,Nanortalik,GL,2020-07-09 16:13:56,60.14,-45.24,46.2,93,100,14.47
150,Puerto Colombia,CO,2020-07-09 16:16:17,10.99,-74.95,84.2,79,40,3.36
151,Port Elizabeth,ZA,2020-07-09 16:16:17,-33.92,25.57,69.8,43,72,18.34
152,Arlit,NE,2020-07-09 16:16:17,18.74,7.39,104.27,16,92,8.97
153,Dalbandin,PK,2020-07-09 16:16:17,28.89,64.41,93.85,10,45,12.84
154,Mayor Pablo Lagerenza,PY,2020-07-09 16:16:18,-19.93,-60.77,64.26,56,82,4.52
155,Broome,US,2020-07-09 16:16:18,42.25,-75.83,88.0,61,1,2.62
156,Aktas,KZ,2020-07-09 16:16:18,49.78,72.96,66.2,68,68,6.71
157,Maniitsoq,GL,2020-07-09 16:16:18,65.42,-52.9,43.14,96,100,22.59
158,Geraldton,AU,2020-07-09 16:16:19,-28.77,114.6,46.4,87,0,10.29
159,Lompoc,US,2020-07-09 16:16:19,34.64,-120.46,57.2,87,90,3.36
160,Dikson,RU,2020-07-09 16:16:19,73.51,80.55,44.49,81,0,17.22
161,Vardo,NO,2020-07-09 16:16:19,70.37,31.11,48.2,87,75,20.8
162,Chimore,BO,2020-07-09 16:16:19,-16.98,-65.13,68.16,51,87,3.89
163,Cururupu,BR,2020-07-09 16:16:20,-1.83,-44.87,86.13,63,28,5.28
164,Almaznyy,RU,2020-07-09 16:16:20,48.04,40.05,78.8,44,20,11.18
165,Talnakh,RU,2020-07-09 16:16:20,69.49,88.4,64.4,72,3,17.9
166,Port-Cartier,CA,2020-07-09 16:16:20,50.03,-66.87,64.4,88,90,6.93
167,Umm Kaddadah,SD,2020-07-09 16:16:20,13.6,26.69,90.46,35,76,3.51
168,Hasaki,JP,2020-07-09 16:13:48,35.73,140.83,73.4,100,75,5.82
169,Oudtshoorn,ZA,2020-07-09 16:16:21,-33.59,22.2,55.4,87,20,18.34
170,Tochimilco,MX,2020-07-09 16:16:21,18.9,-98.57,66.2,63,75,2.01
171,Hambantota,LK,2020-07-09 16:16:21,6.12,81.12,78.8,100,20,2.24
172,Haines Junction,CA,2020-07-09 16:16:22,60.75,-137.51,53.31,63,79,0.94
173,Troitskiy,RU,2020-07-09 16:16:22,57.06,63.75,77.29,80,13,4.05
174,Pandamatenga,BW,2020-07-09 16:16:22,-18.53,25.63,67.87,40,26,6.2
175,Koundara,GN,2020-07-09 16:16:22,12.48,-13.3,94.03,52,63,9.24
176,Santa Rosa,PH,2020-07-09 16:16:23,14.31,121.11,84.99,79,100,4.0
177,San Jose,US,2020-07-09 16:15:34,37.34,-121.89,68.0,67,20,3.36
178,Niamey,NE,2020-07-09 16:13:00,13.51,2.11,98.6,30,75,6.93
179,Agara,GE,2020-07-09 16:16:23,42.04,43.82,70.27,70,13,10.02
180,Airai,TL,2020-07-09 16:16:21,-8.93,125.41,55.67,100,99,3.94
181,Cape Town,ZA,2020-07-09 16:15:35,-33.93,18.42,55.0,93,75,17.22
182,Yulara,AU,2020-07-09 16:14:36,-25.24,130.99,46.4,31,19,3.31
183,Kencong,ID,2020-07-09 16:16:24,-8.28,113.37,73.8,88,92,3.65
184,Kloulklubed,PW,2020-07-09 16:16:24,7.04,134.26,77.0,94,75,13.22
185,Port Macquarie,AU,2020-07-09 16:16:25,-31.43,152.92,50.0,97,100,6.02
186,Bubaque,GW,2020-07-09 16:16:25,11.28,-15.83,82.94,81,49,15.21
187,Bonthe,SL,2020-07-09 16:16:25,7.53,-12.51,78.69,85,96,12.73
188,Saskylakh,RU,2020-07-09 16:16:25,71.92,114.08,49.08,68,50,11.95
189,Bahia Honda,CU,2020-07-09 16:13:56,22.9,-83.16,87.49,65,26,8.1
190,Acapulco,MX,2020-07-09 16:14:33,16.86,-99.89,84.2,66,75,4.7
191,Gorontalo,ID,2020-07-09 16:16:26,0.54,123.06,75.42,88,91,2.33
192,Mokhsogollokh,RU,2020-07-09 16:16:27,61.47,128.92,65.26,60,100,7.07
193,Aldan,RU,2020-07-09 16:16:27,58.6,125.39,58.14,95,92,9.55
194,Crotone,IT,2020-07-09 16:16:27,39.09,17.12,84.2,26,0,9.17
195,Bathsheba,BB,2020-07-09 16:16:27,13.22,-59.52,87.8,62,20,21.92
196,Novoagansk,RU,2020-07-09 16:16:28,61.94,76.66,61.81,62,43,12.24
197,Souillac,MU,2020-07-09 16:14:51,-20.52,57.52,71.6,60,20,16.11
198,Berlevag,NO,2020-07-09 16:16:28,70.86,29.09,48.2,93,75,14.99
199,Te Anau,NZ,2020-07-09 16:16:29,-45.42,167.72,36.25,87,40,0.83
200,Maloy,NO,2020-07-09 16:16:29,61.94,5.11,60.01,66,40,9.17
201,Katsuura,JP,2020-07-09 16:16:29,35.13,140.3,75.0,96,100,5.01
202,Joao Pinheiro,BR,2020-07-09 16:16:29,-17.74,-46.17,83.25,35,0,1.25
203,Orotukan,RU,2020-07-09 16:16:29,62.27,151.7,51.17,83,100,7.34
204,Dawei,MM,2020-07-09 16:16:30,14.08,98.2,79.45,85,100,1.16
205,Umm Lajj,SA,2020-07-09 16:16:30,25.02,37.27,87.03,56,0,6.71
206,Esperanza,DO,2020-07-09 16:16:30,19.58,-70.98,91.0,65,4,8.99
207,Homagama,LK,2020-07-09 16:16:30,6.84,80.0,82.4,94,75,5.82
208,Mount Isa,AU,2020-07-09 16:16:31,-20.73,139.5,57.2,67,6,3.36
209,Mmabatho,ZA,2020-07-09 16:16:31,-25.85,25.63,57.2,50,0,6.93
210,Cidreira,BR,2020-07-09 16:16:31,-30.18,-50.21,55.54,62,0,19.42
211,Vostok,RU,2020-07-09 16:16:31,46.49,135.88,53.87,100,93,2.1
212,Half Moon Bay,US,2020-07-09 16:16:32,37.46,-122.43,68.0,87,90,9.17
213,Kungurtug,RU,2020-07-09 16:16:32,50.6,97.52,49.69,80,28,1.81
214,Ilulissat,GL,2020-07-09 16:14:45,69.22,-51.1,53.6,71,75,12.75
215,Manado,ID,2020-07-09 16:16:32,1.49,124.85,77.0,88,20,2.24
216,Bambous Virieux,MU,2020-07-09 16:13:55,-20.34,57.76,71.6,60,20,16.11
217,Egvekinot,RU,2020-07-09 16:16:33,66.32,-179.17,49.53,83,61,2.1
218,Loandjili,CG,2020-07-09 16:16:33,-4.76,11.86,78.8,74,20,8.05
219,Ponta Do Sol,PT,2020-07-09 16:16:33,32.67,-17.1,75.2,69,20,14.99
220,Tuatapere,NZ,2020-07-09 16:16:33,-46.13,167.68,45.05,81,91,8.1
221,Mayo,US,2020-07-09 16:14:12,38.89,-76.51,84.99,74,75,5.82
222,Clyde River,CA,2020-07-09 16:16:34,70.47,-68.59,48.2,81,75,11.41
223,Korla,CN,2020-07-09 16:14:28,41.76,86.15,87.01,66,100,4.0
224,Buta,CD,2020-07-09 16:16:35,2.79,24.73,81.43,73,81,2.24
225,Xinzhi,CN,2020-07-09 16:16:35,36.5,111.7,77.25,68,1,7.61
226,Pitimbu,BR,2020-07-09 16:16:35,-7.47,-34.81,80.6,78,75,13.87
227,Port Hardy,CA,2020-07-09 16:16:35,50.7,-127.42,55.4,100,75,2.24
228,Mangalam,IN,2020-07-09 16:16:36,9.77,78.67,77.0,88,75,4.7
229,Thompson,CA,2020-07-09 16:11:47,55.74,-97.86,60.8,93,75,9.17
230,Wewak,PG,2020-07-09 16:16:36,-3.55,143.63,79.86,83,64,8.37
231,Georgetown,MY,2020-07-09 16:16:36,5.41,100.34,82.4,83,20,4.34
232,Lerwick,GB,2020-07-09 16:16:37,60.15,-1.15,55.4,82,20,8.05
233,Staryy Nadym,RU,2020-07-09 16:16:37,65.61,72.68,58.33,61,6,14.9
234,Leshukonskoye,RU,2020-07-09 16:16:37,64.9,45.76,64.87,88,30,2.39
235,Nantucket,US,2020-07-09 16:13:54,41.28,-70.1,78.01,83,1,11.41
236,La Ronge,CA,2020-07-09 16:14:29,55.1,-105.28,59.0,87,90,10.29
237,Genhe,CN,2020-07-09 16:16:38,50.78,121.52,61.09,87,90,3.38
238,Bafata,GW,2020-07-09 16:16:38,12.17,-14.75,93.06,53,29,10.16
239,Poum,NC,2020-07-09 16:16:38,-20.23,164.02,69.48,70,20,11.81
240,Kavieng,PG,2020-07-09 16:16:38,-2.57,150.8,82.54,78,21,13.38
241,Dunedin,NZ,2020-07-09 16:15:35,-45.87,170.5,46.0,85,63,5.01
242,Kisesa,TZ,2020-07-09 16:16:39,-3.08,34.15,74.59,45,1,15.3
243,Rio Grande,BR,2020-07-09 16:16:39,-32.03,-52.1,55.4,62,20,13.87
244,Vysokogornyy,RU,2020-07-09 16:16:39,50.12,139.15,52.36,95,90,2.1
245,Ancud,CL,2020-07-09 16:16:39,-41.87,-73.82,51.01,93,20,4.7
246,Muravlenko,RU,2020-07-09 16:16:40,63.79,74.52,59.97,61,7,16.37
247,Grindavik,IS,2020-07-09 16:15:10,63.84,-22.43,53.6,62,75,17.22
248,Khatanga,RU,2020-07-09 16:16:40,71.97,102.5,58.06,59,8,19.73
249,Penzance,GB,2020-07-09 16:16:41,50.12,-5.54,66.0,100,90,10.29
250,Bolotnoye,RU,2020-07-09 16:16:41,55.67,84.4,60.89,86,81,2.93
251,New Norfolk,AU,2020-07-09 16:16:31,-42.78,147.06,36.0,92,3,3.02
252,Rosarito,MX,2020-07-09 16:16:41,32.33,-117.03,68.0,82,5,4.7
253,Byron Bay,AU,2020-07-09 16:16:42,-28.65,153.62,55.99,93,98,4.59
254,Kismayo,SO,2020-07-09 16:16:42,-0.36,42.55,78.8,81,0,15.43
255,Badou,TG,2020-07-09 16:16:42,7.58,0.6,77.14,80,100,4.7
256,Kununurra,AU,2020-07-09 16:16:41,-15.77,128.73,59.0,33,33,8.75
257,Matara,LK,2020-07-09 16:16:42,5.95,80.54,80.08,83,92,9.86
258,Diffa,NE,2020-07-09 16:16:43,13.32,12.61,102.52,20,86,2.68
259,Saldanha,ZA,2020-07-09 16:16:43,-33.01,17.94,53.6,93,100,9.17
260,Sao Felix Do Xingu,BR,2020-07-09 16:16:43,-6.64,-51.99,92.23,31,0,6.71
261,Kardailovo,RU,2020-07-09 16:16:44,51.54,53.9,81.25,54,0,10.02
262,Longyearbyen,SJ,2020-07-09 16:13:51,78.22,15.64,48.2,76,75,12.75
263,Mbini,GQ,2020-07-09 16:16:44,1.57,9.61,78.06,82,69,12.59
264,Coalinga,US,2020-07-09 16:16:44,36.14,-120.36,78.01,37,0,5.01
265,Mujiayingzi,CN,2020-07-09 16:16:44,42.12,118.78,64.4,69,92,2.91
266,Portland,US,2020-07-09 16:15:17,45.52,-122.68,62.01,77,75,2.19
267,Diamantino,BR,2020-07-09 16:16:45,-14.41,-56.45,84.9,41,34,6.71
268,Burnie,AU,2020-07-09 16:16:45,-41.07,145.92,50.0,92,74,1.99
269,Reynosa,MX,2020-07-09 16:16:46,26.08,-98.28,91.4,52,20,11.41
270,Payo,ID,2020-07-09 16:16:46,-3.75,103.64,72.84,95,100,1.39
271,Kiama,AU,2020-07-09 16:16:46,-34.68,150.87,55.0,83,100,5.39
272,Provideniya,RU,2020-07-09 16:16:30,64.38,-173.3,49.21,87,36,1.34
273,Rio Tercero,AR,2020-07-09 16:16:47,-32.17,-64.11,55.74,41,0,12.88
274,Kuchurhan,UA,2020-07-09 16:16:47,47.16,29.79,76.89,39,8,1.74
275,Alatri,IT,2020-07-09 16:16:47,41.73,13.34,89.6,49,40,10.29
276,Husavik,IS,2020-07-09 16:15:27,66.04,-17.34,51.8,66,75,31.09
277,Chaman,PK,2020-07-09 16:16:48,30.92,66.45,80.28,14,0,6.89
278,Torbay,CA,2020-07-09 16:16:48,47.67,-52.73,64.0,63,75,9.17
279,Zaraza,VE,2020-07-09 16:16:48,9.35,-65.32,86.54,62,19,6.24
280,High Level,CA,2020-07-09 16:16:48,58.52,-117.14,62.6,77,75,4.7
281,Kashi,CN,2020-07-09 16:16:48,39.45,75.98,77.0,33,40,8.95
282,Jiblah,YE,2020-07-09 16:16:49,13.92,44.15,69.75,53,85,2.13
283,Magrath,CA,2020-07-09 16:16:49,49.42,-112.87,59.0,72,75,5.82
284,Baykit,RU,2020-07-09 16:16:49,61.67,96.37,48.04,84,56,1.81
285,Salalah,OM,2020-07-09 16:16:35,17.02,54.09,84.2,83,75,8.05
286,Vrede,ZA,2020-07-09 16:16:50,-27.43,29.17,51.94,58,0,9.26
287,Sibiti,CG,2020-07-09 16:16:50,-3.68,13.35,83.73,52,87,3.51
288,Srednekolymsk,RU,2020-07-09 16:14:21,67.45,153.68,53.98,85,95,5.41
289,Oxford,GB,2020-07-09 16:15:14,51.75,-1.26,68.0,88,75,6.93
290,At-Bashi,KG,2020-07-09 16:16:51,41.17,75.81,57.65,58,84,5.17
291,Komsomolskiy,UZ,2020-07-09 16:16:51,40.43,71.72,87.8,18,75,6.93
292,Puerto Narino,CO,2020-07-09 16:16:51,-3.77,-70.38,87.8,74,40,4.7
293,Leticia,CO,2020-07-09 16:16:52,-4.22,-69.94,87.8,74,40,4.7
294,Salamanca,ES,2020-07-09 16:16:52,40.83,-6.0,91.99,18,15,6.93
295,Huarmey,PE,2020-07-09 16:16:53,-10.07,-78.15,67.1,66,44,10.45
296,Uyuni,BO,2020-07-09 16:16:54,-20.46,-66.83,43.75,35,0,6.08
297,Manokwari,ID,2020-07-09 16:16:54,-0.87,134.08,80.53,71,85,5.35
298,Whitehorse,CA,2020-07-09 16:15:14,60.72,-135.05,51.01,76,75,8.05
299,Yurla,RU,2020-07-09 16:16:54,59.33,54.32,79.77,74,38,3.49
300,Narsaq,GL,2020-07-09 16:14:03,60.92,-46.05,48.2,87,75,3.36
301,Maturin,VE,2020-07-09 16:14:12,9.75,-63.18,88.57,55,4,9.31
302,Esperance,AU,2020-07-09 16:14:46,-33.87,121.9,48.2,76,90,6.93
303,The Pas,CA,2020-07-09 16:16:55,53.83,-101.25,59.54,90,98,10.71
304,Christchurch,NZ,2020-07-09 16:12:11,-43.53,172.63,36.0,86,46,1.12
305,Taltal,CL,2020-07-09 16:16:55,-25.4,-70.48,69.13,34,0,3.69
306,Laibin,CN,2020-07-09 16:16:56,23.7,109.27,81.09,83,100,7.81
307,Mbekenyera,TZ,2020-07-09 16:16:56,-10.0,38.98,73.78,72,23,7.0
308,College,US,2020-07-09 16:15:45,64.86,-147.8,53.6,93,75,2.17
309,Inhambane,MZ,2020-07-09 16:16:56,-23.86,35.38,73.4,69,20,4.7
310,Launceston,AU,2020-07-09 16:16:57,-41.45,147.17,42.01,100,64,1.39
311,Nouadhibou,MR,2020-07-09 16:16:57,20.93,-17.03,87.8,48,0,16.11
312,Smolenka,RU,2020-07-09 16:16:57,52.14,113.5,68.0,82,100,6.71
313,Coihaique,CL,2020-07-09 16:16:57,-45.58,-72.07,35.6,93,90,6.93
314,Severo-Kurilsk,RU,2020-07-09 16:16:57,50.68,156.12,48.69,94,100,16.58
315,Maraa,BR,2020-07-09 16:16:58,-1.83,-65.37,88.21,60,7,3.74
316,Jimeta,NG,2020-07-09 16:16:58,9.28,12.47,92.75,48,45,4.36
317,Jilin,CN,2020-07-09 16:16:58,43.0,126.0,62.92,73,0,3.65
318,Constitucion,CL,2020-07-09 16:16:47,-35.33,-72.42,53.67,53,97,3.96
319,Sioux Lookout,CA,2020-07-09 16:16:59,50.1,-91.92,69.8,83,90,9.17
320,Asau,RO,2020-07-09 16:16:59,46.43,26.4,73.0,69,77,2.37
321,Sabha,LY,2020-07-09 16:16:59,27.04,14.43,97.7,11,0,11.34
322,Soyo,AO,2020-07-09 16:16:59,-6.13,12.37,78.8,74,75,6.93
323,Bambanglipuro,ID,2020-07-09 16:16:59,-7.95,110.28,75.42,85,33,7.52
324,Rassvet,RU,2020-07-09 16:17:00,46.83,40.75,73.76,65,6,9.17
325,Saint-Augustin,CA,2020-07-09 16:17:00,51.23,-58.65,57.04,92,100,15.05
326,Saint-Pierre,RE,2020-07-09 16:16:17,-21.34,55.48,69.8,83,75,20.8
327,Illela,NG,2020-07-09 16:17:00,13.73,5.3,99.01,27,17,7.52
328,Batemans Bay,AU,2020-07-09 16:17:00,-35.72,150.18,46.0,92,100,4.0
329,Kruisfontein,ZA,2020-07-09 16:17:01,-34.0,24.73,61.09,55,56,13.62
330,Dum Dum,AU,2020-07-09 16:17:01,-28.38,153.36,57.2,100,75,5.82
331,Ekhabi,RU,2020-07-09 16:17:01,53.51,142.97,49.86,98,100,4.97
332,Inverell,AU,2020-07-09 16:17:01,-29.78,151.12,53.01,91,100,5.14
333,Evanston,US,2020-07-09 16:17:02,42.04,-87.69,91.0,55,20,8.05
334,Heihe,CN,2020-07-09 16:17:02,50.24,127.49,69.8,68,40,4.47
335,Hualmay,PE,2020-07-09 16:17:02,-11.1,-77.61,66.4,66,54,9.91
336,Port Augusta,AU,2020-07-09 16:17:02,-32.5,137.77,42.8,50,100,3.36
337,Keokuk,US,2020-07-09 16:17:02,40.4,-91.38,84.2,79,1,9.17
338,Pacific Grove,US,2020-07-09 16:14:50,36.62,-121.92,57.2,82,90,3.47
339,Olafsvik,IS,2020-07-09 16:17:03,64.89,-23.71,52.36,69,56,11.39
340,Waterloo,CA,2020-07-09 16:13:59,43.47,-80.52,89.01,52,1,8.05
341,Tabuk,PH,2020-07-09 16:17:04,17.42,121.44,76.59,87,100,2.28
342,Birjand,IR,2020-07-09 16:17:04,32.87,59.22,84.2,9,0,11.41
343,Meulaboh,ID,2020-07-09 16:15:56,4.14,96.13,78.75,80,100,6.02
344,Carutapera,BR,2020-07-09 16:17:05,-1.2,-46.02,85.44,70,4,7.11
345,Gushikawa,JP,2020-07-09 16:17:05,26.35,127.87,82.4,88,1,9.17
346,Boyolangu,ID,2020-07-09 16:17:05,-8.12,111.89,74.61,84,73,4.88
347,Polson,US,2020-07-09 16:12:42,47.69,-114.16,63.0,62,0,2.04
348,General Roca,AR,2020-07-09 16:17:05,-39.03,-67.58,50.0,43,100,8.05
349,Luanda,AO,2020-07-09 16:17:06,-8.84,13.23,75.2,73,40,8.05
350,Tual,ID,2020-07-09 16:17:06,-5.67,132.75,79.21,85,93,20.07
351,Charters Towers,AU,2020-07-09 16:17:06,-20.1,146.27,59.36,95,14,9.51
352,San Juan,AR,2020-07-09 16:17:07,-31.54,-68.54,56.55,37,65,10.31
353,Saint-Joseph,RE,2020-07-09 16:17:07,-21.37,55.62,69.8,83,75,20.8
354,Tabou,CI,2020-07-09 16:17:07,4.42,-7.35,78.1,83,93,12.57
355,Muisne,EC,2020-07-09 16:15:52,0.6,-80.03,76.26,87,99,11.21
356,Kunnamangalam,IN,2020-07-09 16:17:07,11.3,75.88,77.0,88,75,5.82
357,Fatsa,TR,2020-07-09 16:17:08,41.03,37.5,75.2,78,75,14.99
358,Polyarnyy,RU,2020-07-09 16:17:08,69.2,33.45,57.2,82,40,15.66
359,Cap Malheureux,MU,2020-07-09 16:17:08,-19.98,57.61,71.01,64,38,5.01
360,Zimmi,SL,2020-07-09 16:17:09,7.32,-11.31,78.12,88,78,7.34
361,Dubbo,AU,2020-07-09 16:17:09,-32.25,148.62,44.6,87,100,6.93
362,Paamiut,GL,2020-07-09 16:17:09,61.99,-49.67,45.84,87,93,27.92
363,Nha Trang,VN,2020-07-09 16:17:09,12.25,109.18,86.0,79,20,9.17
364,Salta,AR,2020-07-09 16:17:04,-24.79,-65.41,57.2,47,0,4.7
365,Usogorsk,RU,2020-07-09 16:17:10,63.41,48.69,87.08,41,27,7.63
366,Camacupa,AO,2020-07-09 16:17:10,-12.02,17.48,76.59,26,0,3.6
367,Wanning,CN,2020-07-09 16:17:11,18.8,110.4,82.26,86,98,12.73
368,Sur,OM,2020-07-09 16:17:11,22.57,59.53,90.63,50,100,14.65
369,Uige,AO,2020-07-09 16:17:11,-7.61,15.06,80.6,57,20,9.17
370,Cabedelo,BR,2020-07-09 16:17:11,-6.98,-34.83,80.6,78,75,13.87
371,Bashtanka,UA,2020-07-09 16:17:11,47.41,32.44,75.22,41,0,7.23
372,Malinovoye Ozero,RU,2020-07-09 16:17:12,51.68,79.78,74.89,60,22,5.21
373,Saint George,US,2020-07-09 16:13:45,37.1,-113.58,82.99,8,1,3.36
374,Kayes,ML,2020-07-09 16:17:12,14.0,-11.0,95.0,50,32,11.41
375,Toamasina,MG,2020-07-09 16:17:12,-18.17,49.38,71.6,78,40,9.17
376,Mahibadhoo,MV,2020-07-09 16:15:13,3.78,72.97,84.2,72,100,7.83
377,Adiake,CI,2020-07-09 16:17:13,5.29,-3.3,82.4,78,20,11.41
378,Wanaka,NZ,2020-07-09 16:13:14,-44.7,169.15,32.0,85,9,2.28
379,Hernani,ES,2020-07-09 16:17:13,43.27,-1.98,75.2,73,40,9.17
380,Koumac,NC,2020-07-09 16:17:13,-20.57,164.28,65.1,75,2,5.88
381,Antofagasta,CL,2020-07-09 16:17:14,-23.65,-70.4,57.2,76,75,5.82
382,Makakilo City,US,2020-07-09 16:17:14,21.35,-158.09,77.0,78,20,3.36
383,Vung Tau,VN,2020-07-09 16:17:14,10.35,107.08,82.89,79,100,9.46
384,Ulladulla,AU,2020-07-09 16:17:14,-35.35,150.47,51.8,87,100,6.93
385,Bilibino,RU,2020-07-09 16:15:41,68.05,166.44,56.25,88,100,6.38
386,Aguadilla,PR,2020-07-09 16:17:15,18.43,-67.15,89.01,67,1,10.29
387,Kysyl-Syr,RU,2020-07-09 16:15:13,63.9,122.76,62.01,61,100,6.78
388,Muroto,JP,2020-07-09 16:17:15,33.28,134.15,75.25,92,100,13.2
389,Radis,TN,2020-07-09 16:15:18,36.77,10.28,80.6,57,20,13.87
390,Adrar,MR,2020-07-09 16:15:24,20.5,-10.07,109.65,6,3,16.06
391,Roncesvalles,CO,2020-07-09 16:17:17,4.01,-75.6,75.2,78,40,4.7
392,Serra Talhada,BR,2020-07-09 16:17:17,-7.99,-38.3,86.99,40,16,7.96
393,Henderson,US,2020-07-09 16:14:51,36.04,-114.98,89.6,10,1,3.36
394,Salinopolis,BR,2020-07-09 16:12:34,-0.61,-47.36,87.3,60,32,9.4
395,Conceicao Das Alagoas,BR,2020-07-09 16:17:17,-19.91,-48.39,74.05,56,85,2.98
396,Nome,US,2020-07-09 16:17:18,64.5,-165.41,51.8,87,75,6.93
397,Iralaya,HN,2020-07-09 16:17:18,15.0,-83.23,78.8,94,90,11.41
398,Juneau,US,2020-07-09 16:17:18,58.3,-134.42,55.0,93,90,11.41
399,Mnogovershinnyy,RU,2020-07-09 16:17:12,53.94,139.92,47.8,100,100,3.18
400,Londoko,RU,2020-07-09 16:17:18,49.03,131.98,53.53,97,45,0.63
401,Banda Aceh,ID,2020-07-09 16:17:19,5.56,95.32,80.46,73,100,2.19
402,Vavozh,RU,2020-07-09 16:17:19,56.78,51.93,77.47,82,17,5.86
403,Oktyabrskoye,RU,2020-07-09 16:17:19,43.06,44.74,77.0,69,100,4.47
404,Krasnoselkup,RU,2020-07-09 16:17:19,65.7,82.47,60.89,65,80,23.15
405,Durango,MX,2020-07-09 16:12:37,24.83,-104.83,74.37,46,9,2.08
406,Kapitanivka,UA,2020-07-09 16:17:20,48.92,31.72,65.53,76,89,6.02
407,Talcahuano,CL,2020-07-09 16:14:25,-36.72,-73.12,50.0,100,90,14.99
408,Dicabisagan,PH,2020-07-09 16:17:20,17.08,122.42,81.21,80,63,6.89
409,Muros,ES,2020-07-09 16:17:20,42.78,-9.06,79.0,37,0,13.0
410,Bria,CF,2020-07-09 16:17:21,6.54,21.99,77.16,89,100,1.21
411,Pyaozerskiy,RU,2020-07-09 16:17:21,65.83,31.17,61.09,75,100,5.17
412,Hun,LY,2020-07-09 16:17:21,29.13,15.95,96.84,18,0,10.89
413,Mehamn,NO,2020-07-09 16:17:21,71.04,27.85,48.2,81,75,14.99
414,Valls,ES,2020-07-09 16:17:21,41.29,1.25,84.2,62,20,3.36
415,Vanimo,PG,2020-07-09 16:17:22,-2.67,141.3,78.26,86,92,7.14
416,Quatre Cocos,MU,2020-07-09 16:17:22,-20.21,57.76,71.6,60,20,16.11
417,Ornskoldsvik,SE,2020-07-09 16:17:23,63.29,18.72,60.8,51,92,2.24
418,Laguna,US,2020-07-09 16:17:23,38.42,-121.42,71.6,60,1,3.36
419,San Nicolas,PH,2020-07-09 16:17:23,18.17,120.6,81.66,78,100,4.05
420,Gao,ML,2020-07-09 16:17:23,16.64,1.64,104.31,16,68,14.34
421,Cacador,BR,2020-07-09 16:17:24,-26.78,-51.02,55.38,53,3,4.32
422,Zhezkazgan,KZ,2020-07-09 16:17:24,47.8,67.71,80.44,31,1,14.92
423,Nampula,MZ,2020-07-09 16:17:24,-15.12,39.27,78.8,50,75,6.93
424,Nemuro,JP,2020-07-09 16:17:24,43.32,145.57,57.76,97,31,2.95
425,Oksbol,DK,2020-07-09 16:17:24,55.63,8.29,63.0,59,55,9.17
426,Mangan,IN,2020-07-09 16:17:25,27.52,88.53,77.0,61,99,0.56
427,Nakhon Si Thammarat,TH,2020-07-09 16:17:25,8.43,99.97,76.84,86,100,4.5
428,Kokopo,PG,2020-07-09 16:17:25,-4.35,152.26,77.23,82,70,6.85
429,Oksfjord,NO,2020-07-09 16:17:25,70.24,22.35,60.01,81,13,11.41
430,Hami,CN,2020-07-09 16:15:37,42.8,93.45,82.29,18,11,16.78
431,Changtu,CN,2020-07-09 16:17:26,42.78,124.1,67.35,63,0,5.77
432,Praxedis Guerrero,MX,2020-07-09 16:17:26,31.37,-106.02,93.99,16,5,10.29
433,Erenhot,CN,2020-07-09 16:17:26,43.65,111.98,71.6,59,15,15.12
434,Svetlogorsk,BY,2020-07-09 16:17:26,52.63,29.73,65.75,66,2,7.09
435,Dargaville,NZ,2020-07-09 16:17:26,-35.93,173.88,44.15,81,0,2.95
436,Erdenet,MN,2020-07-09 16:17:27,49.03,104.08,51.26,91,100,7.18
437,Tiksi,RU,2020-07-09 16:17:27,71.69,128.87,33.69,94,100,8.86
438,Shemursha,RU,2020-07-09 16:17:27,54.89,47.52,78.08,68,14,13.09
439,Killarney,IE,2020-07-09 16:17:27,52.05,-9.52,60.8,72,20,9.17
440,Oistins,BB,2020-07-09 16:16:42,13.07,-59.53,87.8,62,20,21.92
441,Ostrovnoy,RU,2020-07-09 16:17:28,68.05,39.51,53.58,92,97,3.71
442,Vodnyy,RU,2020-07-09 16:17:28,63.5,53.41,87.71,43,0,5.28
443,Kieta,PG,2020-07-09 16:17:28,-6.22,155.63,79.97,78,100,7.76
444,Mwanga,TZ,2020-07-09 16:17:29,-4.8,38.2,71.46,79,27,6.73
445,Kaitangata,NZ,2020-07-09 16:17:29,-46.28,169.85,48.0,73,58,7.0
446,Iranshahr,IR,2020-07-09 16:17:29,27.2,60.68,107.6,15,40,6.93
447,Petatlan,MX,2020-07-09 16:17:29,17.52,-101.27,82.4,69,75,3.36
448,Alice,US,2020-07-09 16:17:30,27.75,-98.07,91.4,62,75,14.99
449,Rurrenabaque,BO,2020-07-09 16:17:30,-14.44,-67.53,73.38,65,99,3.29
450,Macheng,CN,2020-07-09 16:15:03,31.18,115.03,81.0,91,71,2.64
451,Klaksvik,FO,2020-07-09 16:16:20,62.23,-6.59,53.6,71,100,13.87
452,Mana,GF,2020-07-09 16:17:30,5.66,-53.78,82.92,76,75,5.26
453,Yenagoa,NG,2020-07-09 16:17:31,4.92,6.26,78.15,87,100,7.65
454,Maragogi,BR,2020-07-09 16:17:31,-9.01,-35.22,78.78,80,30,6.98
455,Hermagor,AT,2020-07-09 16:17:31,46.63,13.37,77.0,50,74,1.12
456,Iqaluit,CA,2020-07-09 16:17:31,63.75,-68.51,42.8,93,90,6.93
457,Chiredzi,ZW,2020-07-09 16:17:31,-21.05,31.67,66.78,60,1,6.38
458,Escarcega,MX,2020-07-09 16:17:32,18.61,-90.75,90.07,47,2,5.03
459,Walvis Bay,NA,2020-07-09 16:17:32,-22.96,14.51,62.6,63,3,10.29
460,Noumea,NC,2020-07-09 16:14:55,-22.28,166.46,69.01,77,90,8.05
461,Guerrero Negro,MX,2020-07-09 16:17:32,27.98,-114.06,72.79,62,37,6.22
462,Lasa,IT,2020-07-09 16:17:33,46.62,10.7,69.8,56,64,6.93
463,Pravia,ES,2020-07-09 16:17:33,43.49,-6.15,72.0,73,20,6.93
464,Breznice,CZ,2020-07-09 16:17:33,49.56,13.95,78.01,100,92,7.52
465,Kuandian,CN,2020-07-09 16:17:33,40.73,124.78,64.65,84,100,3.51
466,Brae,GB,2020-07-09 16:17:34,60.4,-1.35,55.4,82,20,8.05
467,Aripuana,BR,2020-07-09 16:17:34,-9.17,-60.63,93.92,30,0,4.45
468,Ketchikan,US,2020-07-09 16:17:34,55.34,-131.65,59.0,82,90,13.87
469,Anloga,GH,2020-07-09 16:17:34,5.79,0.9,82.4,74,20,13.87
470,Beipiao,CN,2020-07-09 16:17:35,41.79,120.78,67.51,54,95,2.8
471,Dongkan,CN,2020-07-09 16:17:35,34.0,119.83,68.25,96,1,4.68
472,Flinders,AU,2020-07-09 16:17:35,-34.58,150.86,55.0,90,100,1.01
473,Greenville,US,2020-07-09 16:17:35,35.61,-77.37,86.0,66,40,13.87
474,Boa Vista,BR,2020-07-09 16:17:36,2.82,-60.67,86.0,58,75,6.93
475,Waddan,LY,2020-07-09 16:15:11,29.16,16.14,96.51,19,0,11.23
476,Sao Joao Da Barra,BR,2020-07-09 16:17:36,-21.64,-41.05,87.8,37,0,9.17
477,Pisco,PE,2020-07-09 16:17:36,-13.7,-76.22,64.0,77,90,4.7
478,Alice Springs,AU,2020-07-09 16:17:28,-23.7,133.88,52.0,38,0,4.7
479,Nizhniy Baskunchak,RU,2020-07-09 16:17:37,48.22,46.83,84.83,46,100,17.49
480,Dongsheng,CN,2020-07-09 16:17:37,39.82,109.98,73.27,43,1,10.22
481,Abnub,EG,2020-07-09 16:17:37,27.27,31.15,98.6,23,0,16.11
482,Camacha,PT,2020-07-09 16:17:37,33.08,-16.33,73.4,64,40,14.99
483,Kangaatsiaq,GL,2020-07-09 16:17:37,68.31,-53.46,44.6,95,100,10.47
484,Nicoya,CR,2020-07-09 16:17:38,10.15,-85.45,87.8,62,75,10.29
485,Los Alamos,US,2020-07-09 16:17:38,35.89,-106.31,82.0,14,1,6.93
486,Jiayuguan,CN,2020-07-09 16:17:38,39.82,98.3,75.27,17,0,6.93
487,Chicama,PE,2020-07-09 16:17:39,-7.84,-79.15,70.84,57,88,9.53
488,Benghazi,LY,2020-07-09 16:17:39,32.12,20.07,80.2,64,0,23.17
489,Shaunavon,CA,2020-07-09 16:17:39,49.65,-108.42,60.24,63,12,12.46
490,Imuris,MX,2020-07-09 16:17:39,30.78,-110.87,89.01,50,49,5.01
491,Sept-Iles,CA,2020-07-09 16:17:39,50.2,-66.38,64.4,88,90,6.93
492,Kaoma,ZM,2020-07-09 16:17:40,-14.78,24.8,72.25,30,0,3.36
493,Bentiu,SS,2020-07-09 16:17:40,9.23,29.83,82.78,63,100,3.04
494,Jiuquan,CN,2020-07-09 16:17:40,39.74,98.52,76.5,16,0,8.7
495,Sopelana,ES,2020-07-09 16:17:40,43.38,-2.98,77.0,65,40,10.29
496,Bull Savanna,JM,2020-07-09 16:17:40,17.89,-77.59,85.26,69,63,18.1
497,Coquimbo,CL,2020-07-09 16:14:32,-29.95,-71.34,55.4,66,0,8.05
498,Olga,RU,2020-07-09 16:17:41,43.74,135.29,60.89,89,8,3.94
499,Grand Gaube,MU,2020-07-09 16:17:41,-20.01,57.66,71.01,64,39,5.01
500,Westport,US,2020-07-09 16:15:09,41.14,-73.36,88.0,62,1,6.93
501,Wonthaggi,AU,2020-07-09 16:17:42,-38.6,145.59,46.99,91,100,6.46
502,Namibe,AO,2020-07-09 16:16:29,-15.2,12.15,71.6,73,0,13.87
503,Lucero,PH,2020-07-09 16:17:42,16.41,119.91,85.21,73,79,4.76
504,Del Rio,US,2020-07-09 16:17:43,29.36,-100.9,89.6,59,90,13.87
505,Jasper,US,2020-07-09 16:17:43,37.2,-94.35,69.01,88,75,3.36
506,Lolodorf,CM,2020-07-09 16:17:43,3.23,10.73,76.87,87,90,4.36
507,Tiarei,PF,2020-07-09 16:17:43,-17.53,-149.33,69.8,77,20,3.36
508,Schattdorf,CH,2020-07-09 16:17:43,46.87,8.65,82.4,42,71,8.05
509,Atar,MR,2020-07-09 16:17:44,20.52,-13.05,114.51,5,51,27.31
510,Praia,CV,2020-07-09 16:17:44,14.92,-23.51,86.0,62,20,16.11
511,Hermiston,US,2020-07-09 16:17:44,45.84,-119.29,70.0,45,1,16.11
512,Vao,NC,2020-07-09 16:17:44,-22.67,167.48,67.68,76,16,23.8
513,Morehead,US,2020-07-09 16:17:45,37.27,-87.18,87.01,62,1,4.68
514,Opuwo,NA,2020-07-09 16:17:45,-18.06,13.84,77.56,15,0,10.63
515,San-Pedro,CI,2020-07-09 16:17:45,4.75,-6.64,77.81,85,85,11.79
516,Aksu,CN,2020-07-09 16:17:45,41.12,80.26,78.1,28,88,8.14
517,Avera,US,2020-07-09 16:17:46,33.19,-82.53,82.99,83,75,5.82
518,Aanekoski,FI,2020-07-09 16:17:46,62.69,25.82,66.0,58,99,11.41
519,Wladyslawowo,PL,2020-07-09 16:17:46,54.79,18.4,66.99,56,96,7.99
520,Siparia,TT,2020-07-09 16:17:46,10.13,-61.5,88.0,62,75,14.99
521,Denton,US,2020-07-09 16:15:08,33.2,-97.13,90.0,62,20,16.11
522,Along,IN,2020-07-09 16:17:47,28.17,94.77,75.04,91,100,2.75
